{"cameraMode":{"drawMode":0,"name":"Shaded","section":"Shading Mode"},"sceneLighting":false,"audioPlay":false,"sceneViewState":{"showFog":true,"showMaterialUpdate":false,"showSkybox":true,"showFlares":true,"showImageEffects":true,"showParticleSystems":true},"in2DMode":false,"pivot":{"x":-0.7264071106910706,"y":-2.264464855194092,"z":7.675601959228516},"rotation":{"x":0.1017957478761673,"y":-0.023274272680282594,"z":0.002382008358836174,"w":0.994532585144043},"size":13.127729415893555,"orthographic":false}