{"cameraMode":{"drawMode":0,"name":"Shaded","section":"Shading Mode"},"sceneLighting":false,"audioPlay":false,"sceneViewState":{"showFog":true,"showMaterialUpdate":false,"showSkybox":true,"showFlares":true,"showImageEffects":true,"showParticleSystems":true},"in2DMode":false,"pivot":{"x":-0.37614357471466067,"y":1.7475535869598389,"z":7.523738861083984},"rotation":{"x":0.05696508660912514,"y":0.012581167742609978,"z":-0.0007183124544098973,"w":0.998302698135376},"size":28.926502227783204,"orthographic":false}